name,rating,hours,categories,address
Trapology Boston,5 star rating,Closed;5:30 PM - 10:00 PM;2:30 PM - 10:00 PM;2:30 PM - 10:00 PM;2:30 PM - 10:00 PM;10:00 AM - 10:00 PM;10:00 AM - 10:00 PM,Escape Games;Venues & Event Spaces;Team Building Activities,"177 Tremont St, Fl 2"
The Lawn On D,4 star rating,7:00 AM - 11:00 PM;7:00 AM - 11:00 PM;7:00 AM - 11:00 PM;7:00 AM - 11:00 PM;7:00 AM - 11:00 PM;7:00 AM - 11:00 PM;7:00 AM - 11:00 PM,Venues & Event Spaces;Parks,"420 D St, Boston, MA 02210"
World's End,4.5 star rating,,Parks,"250 Martins Ln, Hingham, MA 02018"
Urban Axes - Somerville,4.5 star rating,Closed;11:00 AM - 11:00 PM;11:00 AM - 11:00 PM;11:00 AM - 11:00 PM;11:00 AM - 11:00 PM;11:00 AM - 11:00 PM;12:00 PM - 11:00 PM,Axe Throwing,"2 Union Square, Somerville, MA 02143"
Revolution Axe Throwing,4.5 star rating,Closed;Closed;Closed;4:30 PM - 10:30 PM;1:00 PM - 10:30 PM;1:00 PM - 10:30 PM;1:30 PM - 8:00 PM,Axe Throwing;Beer Bar;Recreation Centers,"73 Norman St, Everett, MA 02149"
Escape The Room Boston,4 star rating,12:00 PM - 11:00 PM;12:00 PM - 11:00 PM;12:00 PM - 11:00 PM;12:00 PM - 11:00 PM;12:00 PM - 11:00 PM;11:00 AM - 12:00 AM (Next day);11:00 AM - 12:00 AM (Next day),Escape Games,"33 West St, Fl 3"
Quincy Quarries Reservation,4.5 star rating,,Parks,"77 Ricciuti Dr, Quincy, MA 02269"
Charles River Canoe & Kayak,4.5 star rating,Closed;Closed;Closed;Closed;Closed;Closed;8:00 AM - 8:00 PM,Rafting/Kayaking;Boating;Paddleboarding,"15 Broad Canal Way, Cambridge, MA 02142"
Boda Borg,4.5 star rating,5:00 PM - 10:00 PM;10:00 AM - 10:00 PM;10:00 AM - 10:00 PM;10:00 AM - 10:00 PM;10:00 AM - 12:00 AM (Next day);10:00 AM - 12:00 AM (Next day);10:00 AM - 10:00 PM,Escape Games;Challenge Courses,"90 Pleasant St, Malden, MA 02148"
Bumpkin Island,5 star rating,,Parks,"15 State Street, Ste 1100"
Archery Games Boston,5 star rating,Closed;Closed;Closed;5:00 PM - 10:00 PM;5:00 PM - 10:00 PM;11:00 AM - 11:00 PM;11:00 AM - 11:00 PM,Archery;Team Building Activities,"121 Webster Ave, Ste 3"
Fly Together Fitness,4.5 star rating,7:00 AM - 9:45 PM;7:00 AM - 9:45 PM;7:00 AM - 9:45 PM;7:00 AM - 9:45 PM;7:00 AM - 9:45 PM;8:00 AM - 6:30 PM;8:00 AM - 6:30 PM,Pole Dancing Classes;Aerial Fitness;Dance Studios,"31 Woodbine St, Somerville, MA 02143"
Rock Spot Climbing,4 star rating,10:00 AM - 12:00 AM (Next day);6:30 AM - 12:00 AM (Next day);10:00 AM - 12:00 AM (Next day);6:30 AM - 12:00 AM (Next day);10:00 AM - 12:00 AM (Next day);10:00 AM - 12:00 AM (Next day);10:00 AM - 12:00 AM (Next day),Rock Climbing;Climbing,"30 Old Colony Ave, Boston, MA 02127"
Mystic Valley Gun Club,4.5 star rating,Open 24 hours;Open 24 hours;Open 24 hours;Open 24 hours;Open 24 hours;Open 24 hours;Open 24 hours,Gun/Rifle Ranges,"146 Canal St, Malden, MA 02148"
The Esplanade,4.5 star rating,,Parks,"Storrow Dr, Boston, MA 02116"
Christopher Columbus Waterfront Park,4.5 star rating,6:00 AM - 11:30 PM;6:00 AM - 11:30 PM;6:00 AM - 11:30 PM;6:00 AM - 11:30 PM;6:00 AM - 11:30 PM;6:00 AM - 11:30 PM;6:00 AM - 11:30 PM,Parks;Playgrounds,"Atlantic Ave & Richmond St, Boston, MA 02109"
Major League Bocce Boston,5 star rating,,Bocce Ball,N/A
Arnold Arboretum,5 star rating,10:00 AM - 5:00 PM;10:00 AM - 5:00 PM;Closed;10:00 AM - 5:00 PM;10:00 AM - 5:00 PM;10:00 AM - 5:00 PM;10:00 AM - 5:00 PM,Parks,"125 Arborway, Boston, MA 02130"
Red Fox Escapes,5 star rating,11:30 AM - 11:00 PM;11:30 AM - 11:00 PM;11:30 AM - 11:00 PM;11:30 AM - 11:00 PM;11:30 AM - 11:00 PM;10:00 AM - 11:00 PM;10:00 AM - 11:00 PM,Escape Games,"614 Massachusetts Ave, Cambridge, MA 02139"
Sky Zone Trampoline Park,3.5 star rating,3:00 PM - 8:00 PM;3:00 PM - 8:00 PM;3:00 PM - 8:00 PM;3:00 PM - 8:00 PM;3:00 PM - 11:00 PM;10:00 AM - 10:00 PM;10:00 AM - 8:00 PM,Trampoline Parks;Venues & Event Spaces,"69 Norman St, Everett, MA 02149"
Watson Adventures Scavenger Hunts,5 star rating,9:00 AM - 5:00 PM;9:00 AM - 5:00 PM;9:00 AM - 5:00 PM;9:00 AM - 5:00 PM;9:00 AM - 5:00 PM;Closed;Closed,Tours;Scavenger Hunts;Team Building Activities,N/A
New England Aquarium,3.5 star rating,9:00 AM - 5:00 PM;9:00 AM - 5:00 PM;9:00 AM - 5:00 PM;9:00 AM - 5:00 PM;9:00 AM - 5:00 PM;9:00 AM - 6:00 PM;9:00 AM - 6:00 PM,Aquariums,"1 Central Wharf, Boston, MA 02110"
J.E.T. Boston,5 star rating,5:30 AM - 8:30 PM;5:30 AM - 8:30 PM;5:30 AM - 8:30 PM;5:30 AM - 8:30 PM;5:30 AM - 8:00 PM;8:00 AM - 2:00 PM;8:00 AM - 2:00 PM,Trainers;Gyms,"437 Columbus Ave, Ground Floor"
Brooklyn Boulders Somerville,3.5 star rating,6:30 AM - 10:00 PM;6:30 AM - 10:00 PM;6:30 AM - 10:00 PM;6:30 AM - 10:00 PM;6:30 AM - 10:00 PM;9:00 AM - 6:00 PM;9:00 AM - 6:00 PM,Rock Climbing;Climbing,"12A Tyler St, Somerville, MA 02143"
By Land and Sea Stand Up Paddle,5 star rating,8:00 AM - 7:00 PM;8:00 AM - 7:00 PM;8:00 AM - 7:00 PM;8:00 AM - 7:00 PM;8:00 AM - 7:00 PM;8:00 AM - 7:00 PM;8:00 AM - 7:00 PM,Paddleboarding,N/A
Cambridge Center Roof Garden,4.5 star rating,6:00 AM - 8:00 PM;6:00 AM - 8:00 PM;6:00 AM - 8:00 PM;6:00 AM - 8:00 PM;6:00 AM - 8:00 PM;6:00 AM - 8:00 PM;6:00 AM - 8:00 PM,Parks,"4 Cambridge Ctr, Cambridge, MA 02142"
Better Off Bowling,4.5 star rating,9:00 AM - 9:00 PM;9:00 AM - 9:00 PM;9:00 AM - 9:00 PM;9:00 AM - 9:00 PM;9:00 AM - 9:00 PM;9:00 AM - 9:00 PM;9:00 AM - 9:00 PM,Bowling;Social Clubs,"50 Dalton St, Boston, MA 02115"
Community Ice Skating at Kendall Square,4.5 star rating,12:00 PM - 8:00 PM;12:00 PM - 8:00 PM;12:00 PM - 8:00 PM;12:00 PM - 8:00 PM;12:00 PM - 9:00 PM;11:00 AM - 9:00 PM;11:00 AM - 6:00 PM,Skating Rinks,"300 Athenaeum St, Cambridge, MA 02142"
Breakheart Reservation,4.5 star rating,,Parks,"177 Forest St, Saugus, MA 01906"
Seaport Common,4 star rating,Open 24 hours;Open 24 hours;Open 24 hours;Open 24 hours;Open 24 hours;Open 24 hours;Open 24 hours,Parks,"85 Northern Ave, Boston, MA 02210"
Solidcore South End,5 star rating,5:00 AM - 9:00 PM;5:00 AM - 9:00 PM;5:00 AM - 9:00 PM;5:00 AM - 9:00 PM;5:00 AM - 9:00 PM;5:00 AM - 9:00 PM;5:00 AM - 9:00 PM,Pilates,"345 Harrison Ave, Boston, MA 02118"
Back Bay Boxing,5 star rating,5:30 PM - 6:15 PM;Closed;6:30 PM - 7:15 PM;Closed;Closed;9:00 AM - 9:45 AM;Closed,Trainers;Boxing,N/A
Cashunt Boston,5 star rating,9:00 AM - 5:00 PM;9:00 AM - 5:00 PM;9:00 AM - 5:00 PM;9:00 AM - 5:00 PM;9:00 AM - 5:00 PM;10:00 AM - 5:00 PM;Closed,Party & Event Planning;Scavenger Hunts;Team Building Activities,"22 Clinton St, Boston, MA 02109"
Gilded Studio,5 star rating,9:00 AM - 8:00 PM;9:00 AM - 8:00 PM;9:00 AM - 8:00 PM;9:00 AM - 8:00 PM;7:30 AM - 8:00 PM;10:00 AM - 5:00 PM;10:30 AM - 5:00 PM,Pilates;Pole Dancing Classes;Trainers,"540 Tremont St, Ste 6"
Boston Pole Fitness,4.5 star rating,9:00 AM - 10:00 PM;9:00 AM - 10:00 PM;9:00 AM - 10:00 PM;9:00 AM - 10:00 PM;9:00 AM - 10:00 PM;9:00 AM - 10:00 PM;9:00 AM - 10:00 PM,Pole Dancing Classes;Dance Studios;Yoga,"414 Cambridge St, Brighton , MA 02134"
Boston Harbor Walk,4.5 star rating,,Parks,"88 Black Falcon Ave, Boston, MA 02210"
Prospect Hill Park,4 star rating,,Parks,"322 Totten Pond Rd, Waltham, MA 02451"
Niav Connor,Rating,,Life Coach;Sex Therapists,N/A
Better Off Bowling,4.5 star rating,9:00 AM - 9:00 PM;9:00 AM - 9:00 PM;9:00 AM - 9:00 PM;9:00 AM - 9:00 PM;9:00 AM - 9:00 PM;9:00 AM - 9:00 PM;9:00 AM - 9:00 PM,Bowling;Social Clubs,"50 Dalton St, Boston, MA 02115"
Martin’s Park,5 star rating,,Parks,"64 Sleeper St, Boston, MA 02210"
Watson Park I,3 star rating,,Parks,"7 Milford St, Boston, MA 02118"
PanIQ Escape Room - Boston,N/A,,,"130 Water St, Boston, MA 02109"
Social Boston Sports,3.5 star rating,6:00 AM - 12:00 AM (Next day);6:00 AM - 12:00 AM (Next day);6:00 AM - 12:00 AM (Next day);6:00 AM - 1:00 AM (Next day);6:00 AM - 2:00 AM (Next day);6:00 AM - 2:00 AM (Next day);6:00 AM - 12:00 AM (Next day),Amateur Sports Teams;Social Clubs,N/A
Snowport Winter Village,3 star rating,4:00 PM - 9:00 PM;4:00 PM - 9:00 PM;4:00 PM - 9:00 PM;4:00 PM - 9:00 PM;4:00 PM - 10:00 PM;11:00 AM - 10:00 PM;11:00 AM - 8:00 PM,Skating Rinks;Kids Activities,"65 Northern Ave, Boston, MA 02210"
Roberto Clemente Field,5 star rating,,Parks,"Clemente Field, Boston, MA 02215"
Cloud of Goods,N/A,6:00 AM - 9:00 PM;6:00 AM - 9:00 PM;6:00 AM - 9:00 PM;6:00 AM - 9:00 PM;6:00 AM - 9:00 PM;6:00 AM - 9:00 PM;6:00 AM - 9:00 PM,Party Equipment Rentals;Baby Gear & Furniture,N/A
Community Boating,4 star rating,Closed;Closed;1:00 PM - 7:00 PM;1:00 PM - 7:00 PM;1:00 PM - 7:00 PM;10:00 AM - 7:00 PM;10:00 AM - 7:00 PM,Boating;Rafting/Kayaking;Sailing,"21 David G Mugar Way, Boston, MA 02114"
Boston Common,4.5 star rating,,Parks,"Beacon St, Boston, MA 02139"
MetroRock,4 star rating,10:00 AM - 11:00 PM;7:00 AM - 11:00 PM;10:00 AM - 11:00 PM;7:00 AM - 11:00 PM;10:00 AM - 11:00 PM;9:00 AM - 10:00 PM;9:00 AM - 10:00 PM,Climbing;Gyms,"69 Norman St, Everett, MA 02149"
Boston Underground Strength Training,5 star rating,6:00 AM - 9:00 AM;4:30 PM - 7:30 PM;5:30 AM - 9:00 AM;5:00 PM - 8:00 PM;5:30 AM - 9:00 AM;4:30 PM - 7:30 PM;5:30 AM - 9:00 AM;5:00 PM - 8:00 PM;6:00 AM - 9:00 AM;4:30 PM - 6:30 PM;7:30 AM - 11:00 AM;Closed,Trainers;Gyms,"235 High St, Waltham, MA 02453"
Nahant Beach,3.5 star rating,Open 24 hours;Open 24 hours;Open 24 hours;Open 24 hours;Open 24 hours;Open 24 hours;Open 24 hours,Beaches,N/A
Lucky Strike Fenway,2.5 star rating,4:00 PM - 12:00 AM (Next day);4:00 PM - 12:00 AM (Next day);4:00 PM - 12:00 AM (Next day);4:00 PM - 1:00 AM (Next day);4:00 PM - 2:00 AM (Next day);12:00 PM - 2:00 AM (Next day);12:00 PM - 12:00 AM (Next day),Bowling;Venues & Event Spaces;Arcades,"145 Ipswich St, Boston, MA 02215"
Stodder's Neck,4.5 star rating,,Parks,"Lincoln St, Hingham, MA 02043"
Mirabella Pool,4 star rating,,Swimming Pools,"Commercial St, Boston, MA 02109"
Boston Gun & Rifle Association,5 star rating,2:00 PM - 10:00 PM;2:00 PM - 10:00 PM;2:00 PM - 10:00 PM;2:00 PM - 10:00 PM;2:00 PM - 10:00 PM;9:00 AM - 10:00 PM;9:00 AM - 5:00 PM,Gun/Rifle Ranges,"1483 Dorchester Ave, Dorchester, MA 02122"
Niav Connor,N/A,,Life Coach;Sex Therapists,N/A
Bachata Room,5 star rating,Closed;Closed;9:30 PM - 1:00 AM (Next day);Closed;Closed;Closed;Closed,Dance Clubs;Dance Studios,"450 Massachusetts Ave, La Fábrica Central"
Central Rock Gym - Boston,4.5 star rating,,Rock Climbing,N/A
Central Rock Gym,5 star rating,11:00 AM - 10:30 PM;7:00 AM - 10:30 PM;9:00 AM - 10:30 PM;7:00 AM - 10:30 PM;11:00 AM - 10:00 PM;9:00 AM - 9:00 PM;9:00 AM - 9:00 PM,Rock Climbing;Gyms;Kids Activities,"445 High St, Randolph, MA 02368"
East Boston Piers Park,4.5 star rating,9:00 AM - 8:00 PM;9:00 AM - 8:00 PM;9:00 AM - 8:00 PM;9:00 AM - 8:00 PM;9:00 AM - 8:00 PM;9:00 AM - 8:00 PM;9:00 AM - 8:00 PM,Parks,"95 Marginal St, East Boston, MA 02128"
Mirabella Pool,4 star rating,,Swimming Pools,"Commercial St, Boston, MA 02109"
Preston Beach,5 star rating,,Beaches,"454 Atlantic Ave, Marblehead, MA 01945"
Middlesex Fells Reservation,4 star rating,,Parks,"4 Woodland Rd, Stoneham, MA 02180"
New England Aquarium Whale Watch,4 star rating,9:00 AM - 5:00 PM;9:00 AM - 5:00 PM;9:00 AM - 5:00 PM;9:00 AM - 5:00 PM;9:00 AM - 5:00 PM;9:00 AM - 6:00 PM;9:00 AM - 6:00 PM,Aquariums,"1 Central Wharf, Boston, MA 02110"
PKL,N/A,4:00 PM - 9:00 PM;4:00 PM - 9:00 PM;4:00 PM - 9:00 PM;4:00 PM - 12:00 AM (Next day);12:00 PM - 12:00 AM (Next day);10:00 AM - 12:00 AM (Next day);10:00 AM - 10:00 PM,Pickleball,"345 Revolution Dr, Somerville, MA 02145"
Boston Public Garden,4.5 star rating,,Parks;Community Gardens,"4 Charles St, Boston, MA 02116"
North Point Park,4.5 star rating,,Parks;Recreation Centers,"6 Museum Way, Cambridge, MA 02141"
Boston Harbor Islands,4.5 star rating,9:00 AM - 5:00 PM;9:00 AM - 5:00 PM;9:00 AM - 5:00 PM;9:00 AM - 5:00 PM;9:00 AM - 5:00 PM;9:00 AM - 5:00 PM;9:00 AM - 5:00 PM,Parks;Landmarks & Historical Buildings;Beaches,"191W Atlantic Ave, National Park Service"
Strayboots,4.5 star rating,10:00 AM - 10:00 PM;10:00 AM - 10:00 PM;10:00 AM - 10:00 PM;10:00 AM - 10:00 PM;10:00 AM - 10:00 PM;10:00 AM - 10:00 PM;10:00 AM - 10:00 PM,Tours;Scavenger Hunts;Team Building Activities,"800 Boylston St, Boston, MA 02199"
Take Flight Aerial Adventures,4 star rating,Closed;Closed;Closed;Closed;Closed;10:00 AM - 3:00 PM;Closed,Climbing;Challenge Courses;Tours,"506 Blue Star Memorial Hwy, Kittery, ME 03904"
Urban AdvenTours,4.5 star rating,9:00 AM - 2:00 PM;3:00 PM - 6:00 PM;9:00 AM - 2:00 PM;3:00 PM - 6:00 PM;9:00 AM - 2:00 PM;3:00 PM - 6:00 PM;9:00 AM - 2:00 PM;3:00 PM - 6:00 PM;9:00 AM - 2:00 PM;3:00 PM - 6:00 PM;Closed;Closed,Tours;Bike Rentals;Bike Repair/Maintenance,"103 Atlantic Ave, Boston, MA 02110"
McGolf,4 star rating,8:00 AM - 11:00 PM;8:00 AM - 11:00 PM;8:00 AM - 11:00 PM;8:00 AM - 11:00 PM;8:00 AM - 11:00 PM;8:00 AM - 11:00 PM;8:00 AM - 11:00 PM,Golf;Mini Golf,"150 Bridge St Rt 109, Dedham, MA 02026"
Buckmaster Pond,5 star rating,,Lakes;Parks,"350 Pond St, Westwood, MA 02090"
Esplanade Playspace,5 star rating,,Playgrounds,"Dr Paul Dudley White Bike Path, Boston, MA 02116"
BCYF Curtis Hall Community Center,4 star rating,6:30 AM - 9:00 PM;6:30 AM - 9:00 PM;6:30 AM - 9:00 PM;6:30 AM - 9:00 PM;6:30 AM - 9:00 PM;6:30 AM - 9:00 PM;9:00 AM - 5:00 PM,Gyms;Swimming Pools;Community Centers,"20 South St, Jamaica Plain, MA 02130"
Horn Pond,4.5 star rating,,Lakes,"Lake Street And Arlington Rd, Woburn, MA 02228"
Lynn Woods Reservation,4.5 star rating,,Parks,"106 Pennybrook Rd, Lynn, MA 01905"
Back to Basics Martial Arts & Fitness,5 star rating,9:00 AM - 10:00 PM;7:00 AM - 10:00 PM;9:00 AM - 10:00 PM;7:00 AM - 10:00 PM;9:00 AM - 9:00 PM;Closed;10:30 AM - 1:00 PM,Brazilian Jiu-jitsu;Muay Thai;Physical Therapy,"334 Newbury St, Boston, MA 02115"
Train Boston,5 star rating,5:30 AM - 8:00 PM;5:30 AM - 8:00 PM;5:30 AM - 8:00 PM;5:30 AM - 8:00 PM;5:30 AM - 6:00 PM;8:00 AM - 2:00 PM;8:00 AM - 2:00 PM,Trainers;Physical Therapy;Weight Loss Centers,"34 Washington St, Wellesley Hills, MA 02481"
Pure Barre - Boston,4.5 star rating,6:00 AM - 9:00 PM;6:00 AM - 9:00 PM;6:00 AM - 9:00 PM;6:00 AM - 9:00 PM;6:00 AM - 7:30 PM;7:00 AM - 4:30 PM;8:00 AM - 6:30 PM,Barre Classes;Women's Clothing;Cardio Classes,"350 Newbury St, Boston, MA 02115"
Copley Square,4 star rating,,Parks,"560 Boylston St, Boston, MA 02116"
Puzzle Break Newton - Escape Room,4.5 star rating,10:00 AM - 9:00 PM;10:00 AM - 9:00 PM;10:00 AM - 9:00 PM;10:00 AM - 10:00 PM;10:00 AM - 11:00 PM;10:00 AM - 11:00 PM;10:00 AM - 10:00 PM,Escape Games,"792 Beacon St, Newton Centre, MA 02459"
Neoponset River Reservation,3 star rating,,Rafting/Kayaking;Hiking;Fishing,"76 Hill Top St, Boston, MA 02124"
James P Kelleher Rose Garden,5 star rating,,Parks,"73 Park Dr, Boston, MA 02215"
Boston Body Pilates,5 star rating,,Pilates,"34 Commercial Wharf, Boston, MA 02110"
Key To Amaze,3 star rating,Closed;Closed;5:00 PM - 11:00 PM;5:00 PM - 11:00 PM;5:00 PM - 2:00 AM (Next day);2:00 PM - 2:00 AM (Next day);2:00 PM - 10:30 PM,Escape Games;Virtual Reality Centers,"530 Commonwealth Ave, Boston, MA 02215"
Boston SCUBA Inc,5 star rating,9:00 AM - 6:00 PM;Closed;Closed;Closed;9:00 AM - 6:00 PM;9:00 AM - 6:00 PM;9:00 AM - 6:00 PM,Scuba Diving,"256 Marginal St, East Boston, MA 02128"
SPIN Boston,5 star rating,Closed;4:00 PM - 10:00 PM;4:00 PM - 10:00 PM;4:00 PM - 10:00 PM;4:00 PM - 12:00 AM (Next day);4:00 PM - 12:00 AM (Next day);Closed,Sports Clubs;Venues & Event Spaces;Cocktail Bars,"30 Melcher St, Boston, MA 02210"
Boston Roller Derby,4.5 star rating,,Amateur Sports Teams,N/A
Endurance Pilates and Yoga Studio,5 star rating,5:00 AM - 10:00 PM;5:00 AM - 10:00 PM;5:00 AM - 10:00 PM;5:00 AM - 10:00 PM;5:00 AM - 8:00 PM;6:00 AM - 8:00 PM;7:00 AM - 7:00 PM,Barre Classes;Yoga;Pilates,"1636 Washington St, Boston, MA 02118"
Boston Sailing Center,4.5 star rating,9:00 AM - 8:00 PM;9:00 AM - 8:00 PM;9:00 AM - 8:00 PM;9:00 AM - 8:00 PM;9:00 AM - 8:00 PM;9:00 AM - 8:00 PM;9:00 AM - 8:00 PM,Boating;Venues & Event Spaces,"54 Lewis Wharf, Boston, MA 02110"
Train Boston,5 star rating,5:30 AM - 8:00 PM;5:30 AM - 8:00 PM;5:30 AM - 8:00 PM;5:30 AM - 8:00 PM;5:30 AM - 6:00 PM;8:00 AM - 2:00 PM;8:00 AM - 2:00 PM,Trainers;Physical Therapy;Weight Loss Centers,"34 Washington St, Wellesley Hills, MA 02481"
C.A.C. Basketball,4 star rating,5:00 PM - 11:00 PM;5:00 PM - 11:00 PM;5:00 PM - 11:00 PM;5:00 PM - 11:00 PM;Closed;Closed;10:00 AM - 1:00 PM,Amateur Sports Teams;Sports Clubs,"215 First St, Cambridge, MA 02142"
TITLE Boxing Club,3 star rating,5:00 AM - 9:00 PM;5:30 AM - 9:00 PM;5:00 AM - 9:00 PM;5:30 AM - 9:00 PM;5:00 AM - 8:00 PM;8:00 AM - 2:00 PM;8:00 AM - 12:00 PM,Gyms;Boxing;Trainers,"338 Newbury St, Boston, MA 02115"
Naomi Rotstein Personal Training,5 star rating,6:00 AM - 7:30 PM;6:00 AM - 7:30 PM;6:00 AM - 7:30 PM;6:00 AM - 7:30 PM;6:00 AM - 7:30 PM;6:00 AM - 7:30 PM;6:00 AM - 7:30 PM,Trainers,"12 Clarendon St, Boston, MA 02116"
Titus Sparrow Park,5 star rating,,Parks,"West Newton At Columbus, Boston, MA 02118"
Jack Kirrane Ice Skating Rink,4 star rating,Closed;9:30 AM - 11:30 AM;Closed;9:30 AM - 11:30 AM;8:00 PM - 10:00 PM;12:00 PM - 5:00 PM;12:00 PM - 5:00 PM,Skating Rinks,"23 Newton St, Brookline, MA 02467"
Secret Squantum Park,4 star rating,,Parks,"20 Moon Island Rd, North Quincy, MA 02171"
Magazine Beach,4.5 star rating,,Parks,"719 Memorial Dr, Cambridge, MA 02238"
James Hayes Park,5 star rating,,Parks,"173 W Canton St, Boston, MA 02116"
Garvey Playground,5 star rating,,Parks;Playgrounds,"340 Neponset Ave, Boston, MA 02122"
Woo Ching White Crane Kung Fu,N/A,,,"90 Tyler St, Boston, MA 02111"
Esh Circus Arts,4.5 star rating,,Trainers;Performing Arts,"44 Park St, Somerville, MA 02143"
Neoponset River Reservation,3 star rating,,Rafting/Kayaking;Hiking;Fishing,"76 Hill Top St, Boston, MA 02124"
Sambo For All,N/A,6:00 PM - 9:00 PM;Closed;6:00 AM - 9:00 PM;Closed;6:00 PM - 9:00 PM;Closed;Closed,,"1 Broadway, Arlington, MA 02474"
Publicly Organized Recreational Territory - PORT,4.5 star rating,,Parks,"99 Marginal St, Chelsea, MA 02150"
Abigail Adams State Park,4.5 star rating,,Hiking;Parks,"770 Bridge St, Weymouth, MA 02191"
Gold Star Pool,4 star rating,3:00 PM - 7:00 PM;3:00 PM - 7:00 PM;3:00 PM - 7:00 PM;3:00 PM - 7:00 PM;3:00 PM - 7:00 PM;11:00 AM - 7:00 PM;11:00 AM - 7:00 PM,Swimming Pools,"123 Berkshire St, Cambridge, MA 02141"
Corey Hill Outlook,4.5 star rating,,Parks,"Summit Ave, Brookline, MA 02445"
PanIQ Escape Room - Boston,N/A,,,"130 Water St, Boston, MA 02109"
Ringgold Park,3 star rating,,Parks;Playgrounds,"Ringgold St, Boston, MA 02118"
The Clubs At Charles River Park,3 star rating,5:30 AM - 10:00 PM;5:30 AM - 10:00 PM;5:30 AM - 10:00 PM;5:30 AM - 10:00 PM;5:30 AM - 8:00 PM;8:00 AM - 6:00 PM;8:00 AM - 6:00 PM,Gyms;Swimming Pools;Swimming Lessons/Schools,"10 Whittier Pl, Boston, MA 02114"
Olmsted Park,4.5 star rating,,Parks,"2 Brookline Pl, The Emerald Necklace Conservancy"
Row House - Boston,5 star rating,6:00 AM - 7:00 PM;6:00 AM - 8:00 PM;6:00 AM - 8:00 PM;6:00 AM - 8:00 PM;6:00 AM - 1:00 PM;8:00 AM - 12:00 PM;8:00 AM - 12:00 PM,Cardio Classes,"25 Lovejoy Wharf, Boston, MA 02114"
The Pirate Ship Formidable,5 star rating,,Historical Tours;Amusement Parks;Boat Tours,"60 Rowes Wharf, Massachusetts Bay Line Vessels"
SoulCycle Seaport,4 star rating,6:30 AM - 8:00 PM;5:30 AM - 8:00 PM;5:30 AM - 8:00 PM;5:30 AM - 8:00 PM;5:30 AM - 7:30 PM;9:00 AM - 1:00 PM;9:00 AM - 1:00 PM,Cycling Classes,"101 Seaport Blvd., Space L-180"
Moves & Vibes Dance Co,5 star rating,8:00 PM - 10:00 PM;8:00 PM - 10:00 PM;8:00 PM - 10:00 PM;Closed;Closed;Closed;Closed,Performing Arts;Dance Studios,"44 Fifth St, Cambridge, MA 02141"
Steriti Memorial Rink,4.5 star rating,1:30 PM - 2:30 PM;1:30 PM - 5:00 PM;1:30 PM - 2:30 PM;1:30 PM - 2:30 PM;1:30 PM - 2:30 PM;7:00 PM - 9:00 PM;2:00 PM - 4:00 PM;7:00 PM - 10:00 PM;2:00 PM - 5:00 PM,Skating Rinks,"561 Commercial St, Boston, MA 02109"
Yirrell Beach,4 star rating,,Beaches,"Shirley St, Winthrop, MA 02152"
Charles River Canoe & Kayak,4.5 star rating,Closed;Closed;Closed;Closed;Closed;8:00 AM - 8:00 PM;8:00 AM - 8:00 PM,Paddleboarding;Rafting/Kayaking;Tours,"195 Moody St, Waltham, MA 02453"
Lechmere Canal Park,4.5 star rating,,Parks,N/A
Alien Motorsports,4 star rating,10:00 AM - 5:00 PM;10:00 AM - 5:00 PM;10:00 AM - 5:00 PM;10:00 AM - 5:00 PM;10:00 AM - 5:00 PM;10:00 AM - 5:00 PM;Closed,Motorcycle Repair;Motorsport Vehicle Dealers;Scooter Rentals,"55 Pond St, Unit 3A"
Noanet Woodlands,4.5 star rating,,Parks;Hiking,"Dedham St, Dover, MA 02030"
Magazine Beach Bath House & Pool,4.5 star rating,11:00 AM - 7:00 PM;11:00 AM - 7:00 PM;11:00 AM - 7:00 PM;11:00 AM - 7:00 PM;11:00 AM - 7:00 PM;11:00 AM - 7:00 PM;11:00 AM - 7:00 PM,Swimming Pools,"719 Memorial Dr, Cambridge, MA 02139"
Combat Sports Boston,4.5 star rating,,Sports Clubs;Martial Arts,"261 Friend St, Boston, MA 02114"
Museum Hack,N/A,Open 24 hours;Open 24 hours;Open 24 hours;Open 24 hours;Open 24 hours;Open 24 hours;Open 24 hours,Art Tours;Scavenger Hunts,"465 Huntington Ave, Boston, MA 02115"
Be F.I.T. Training,5 star rating,,Boot Camps,N/A
Central Rock Gym - Watertown,4 star rating,10:00 AM - 11:00 PM;10:00 AM - 11:00 PM;10:00 AM - 11:00 PM;10:00 AM - 11:00 PM;10:00 AM - 11:00 PM;8:00 AM - 9:00 PM;8:00 AM - 9:00 PM,Rock Climbing;Gyms;Kids Activities,"74 Acton St, Watertown, MA 02472"
Merrymount Park,4.5 star rating,,Parks,"1 Merrymount Pkwy, Quincy, MA 02170"
Cambridge Armory,3 star rating,,Recreation Centers,"450 Concord Ave, Cambridge, MA 02138"
BKBX,5 star rating,5:30 AM - 10:00 PM;5:30 AM - 10:00 PM;5:30 AM - 10:00 PM;5:30 AM - 10:00 PM;5:30 AM - 8:00 PM;8:00 AM - 7:00 PM;8:00 AM - 8:00 PM,Gyms;Rock Climbing,"211 Western Ave, Boston, MA 02134"
Charles River Bike Paths,4.5 star rating,,Parks,"Storrow And Memorial Dr, Boston, MA 02228"
Robbins Farm Park,4.5 star rating,,Parks,"51 Eastern Ave, Arlington, MA 02476"
Victory Rentals,5 star rating,8:00 AM - 8:00 PM;8:00 AM - 8:00 PM;8:00 AM - 8:00 PM;8:00 AM - 8:00 PM;8:00 AM - 8:00 PM;8:00 AM - 8:00 PM;8:00 AM - 8:00 PM,Rafting/Kayaking;Scooter Rentals;Bike Rentals,N/A
Passcode Escape Room,5 star rating,12:00 PM - 10:00 PM;12:00 PM - 10:00 PM;12:00 PM - 10:00 PM;12:00 PM - 10:00 PM;12:00 PM - 10:00 PM;10:00 AM - 10:00 PM;10:00 AM - 10:00 PM,Escape Games,"67 Coddington St, Ste 206"
Battle Road Trail,4.5 star rating,,Hiking,"Massachusetts Ave At Wood St, Lexington, MA 02420"
Whitney and Thayer Woods,5 star rating,,Hiking,N/A
Battle Road Trail,4.5 star rating,,Hiking,"Massachusetts Ave At Wood St, Lexington, MA 02420"
Chestnut Hill Reservoir,4.5 star rating,,Parks,"400 Chestnut Hill Ave, Brookline, MA 02445"
Fisher Hill Reservoir,4 star rating,,Parks;Local Flavor,"Fisher Hill Ave & Baxter Rd., Brookline, MA 02445"
Spy Pond,4.5 star rating,,Parks;Lakes,"Pond Ln, Arlington, MA 02474"
Blessing of the Bay Boathouse,5 star rating,12:00 PM - 6:45 PM;12:00 PM - 6:45 PM;12:00 PM - 6:45 PM;12:00 PM - 6:45 PM;12:00 PM - 6:45 PM;8:00 AM - 6:45 PM;8:00 AM - 6:45 PM,Boating;Rafting/Kayaking;Paddleboarding,"32 Shore Dr, Somerville, MA 02145"
Boston Healing Tao,5 star rating,,Tai Chi;Meditation Centers,"11 Bow St, Somerville, MA 02143"
Alvah Kittredge Park,5 star rating,,Parks,"1 Alvah Kittredge Park, Boston, MA 02119"
Boxaroo,5 star rating,10:00 AM - 3:00 PM;5:00 PM - 10:00 PM;Closed;10:00 AM - 3:00 PM;5:00 PM - 11:00 PM;10:00 AM - 3:00 PM;5:00 PM - 10:00 PM;10:00 AM - 3:00 PM;5:00 PM - 10:00 PM;10:00 AM - 11:00 PM;10:00 AM - 11:00 PM,Escape Games,"55 Court St, Boston, MA 02108"
Larz Anderson Park,4.5 star rating,10:00 AM - 7:30 PM;10:00 AM - 7:30 PM;10:00 AM - 7:30 PM;10:00 AM - 7:30 PM;10:00 AM - 7:30 PM;10:00 AM - 7:30 PM;10:00 AM - 7:30 PM,Parks;Skating Rinks,"23 Newton St, Brookline, MA 02445"
Boston Electric Boats,4.5 star rating,10:00 AM - 8:00 PM;10:00 AM - 8:00 PM;10:00 AM - 8:00 PM;10:00 AM - 8:00 PM;10:00 AM - 8:00 PM;10:00 AM - 8:00 PM;10:00 AM - 8:00 PM,Boating;Boat Charters,N/A
Childe Hassam Park,4 star rating,,Parks,"325 Columbus Ave, Boston, MA 02116"
Kayak Pools,N/A,,,"33 Traveler St, Ste 400"
Elite39,5 star rating,6:00 AM - 12:00 PM;4:00 PM - 9:00 PM;6:00 AM - 12:00 PM;4:00 PM - 9:00 PM;6:00 AM - 12:00 PM;4:00 PM - 9:00 PM;6:00 AM - 12:00 PM;4:00 PM - 9:00 PM;6:00 AM - 4:00 PM;9:00 AM - 2:00 PM;Closed,Trainers;Boxing;Interval Training Gyms,"39 Harvard St, Fl 2"
R3VIVE FITNESS,5 star rating,12:00 PM - 1:00 PM;6:00 PM - 8:00 PM;12:00 PM - 1:00 PM;6:00 PM - 8:00 PM;12:00 PM - 1:00 PM;6:00 PM - 8:00 PM;12:00 PM - 1:00 PM;6:00 PM - 8:00 PM;12:00 PM - 1:00 PM;6:00 PM - 8:00 PM;9:30 AM - 12:30 PM;Closed,Trainers;Gyms,"435 Melnea Cass Blvd, Boston, MA 02120"
Merrymount Park,4.5 star rating,,Parks,"1 Merrymount Pkwy, Quincy, MA 02170"
Deer Island,4.5 star rating,,Beaches,"290 Tafts Ave, Winthrop, MA 02152"
Boston Yoga Union,4.5 star rating,,Yoga,"1112 Boylston St, Boston, MA 02215"
Blue Hills Reservation,4.5 star rating,,Parks;Hiking,"695 Hillside St, Milton, MA 02186"
Pilates Back Bay,5 star rating,,Pilates,"376 Boylston St, Fl 3"
Somerville YMCA,3 star rating,6:00 AM - 10:00 PM;6:00 AM - 10:00 PM;6:00 AM - 10:00 PM;6:00 AM - 10:00 PM;6:00 AM - 10:00 PM;7:00 AM - 7:00 PM;9:00 AM - 4:00 PM,Gyms;Child Care & Day Care,"101 Highland Ave, Somerville, MA 02143"
barre3 Boston - South End,5 star rating,8:00 AM - 11:00 AM;4:00 PM - 7:00 PM;5:45 AM - 11:30 AM;4:00 PM - 7:00 PM;7:00 AM - 11:30 AM;4:30 PM - 7:00 PM;5:45 AM - 11:30 AM;4:00 PM - 7:00 PM;8:00 AM - 6:00 PM;8:00 AM - 12:30 PM;9:00 AM - 12:00 PM;4:00 PM - 6:00 PM,Barre Classes;Pilates;Yoga,"1511 Washington St, Boston, MA 02118"
Boston Seirenkai Academy,5 star rating,Closed;Closed;Closed;Closed;Closed;1:00 PM - 3:00 PM;Closed,Karate;Self-defense Classes,"40 Armington St, Boston, MA 02134"
Larz Anderson Park,4.5 star rating,10:00 AM - 7:30 PM;10:00 AM - 7:30 PM;10:00 AM - 7:30 PM;10:00 AM - 7:30 PM;10:00 AM - 7:30 PM;10:00 AM - 7:30 PM;10:00 AM - 7:30 PM,Parks;Skating Rinks,"23 Newton St, Brookline, MA 02445"
Anthony Costa Park,5 star rating,,Parks,"71 Charles St, Cambridge, MA 02141"
Josh Brown Personal Training,N/A,1:00 PM - 7:30 PM;8:00 AM - 6:00 PM;8:00 AM - 6:00 PM;Closed;Closed;Closed;Closed,Trainers,N/A
City Golf Boston,5 star rating,10:00 AM - 9:00 PM;10:00 AM - 9:00 PM;10:00 AM - 8:00 PM;10:00 AM - 9:00 PM;10:00 AM - 7:30 PM;10:00 AM - 5:00 PM;10:00 AM - 4:00 PM,Golf;Golf Lessons,"167 Milk St, Boston, MA 02109"
Pop Allston,4 star rating,,Active Life,"89 Brighton Ave, Boston, MA 02134"
Lechmere Canal Park,4.5 star rating,,Parks,N/A
Charles River Canoe & Kayak,4.5 star rating,Closed;Closed;Closed;Closed;Closed;Closed;8:00 AM - 4:30 PM,Rafting/Kayaking;Boating;Paddleboarding,"1071 Soldier's Field Rd, Allston, MA 02134"
MWRA Nut Island,4 star rating,,Parks,"147 Sea Ave, Quincy, MA 02169"
Lo Presti Park,4 star rating,,Playgrounds;Parks,"33 Sumner St, Boston, MA 02128"
Yacht Beacon,5 star rating,,Boating;Local Flavor,"Rowes Wharf, Boston, MA 02110"
The Clubs At Charles River Park,3 star rating,5:30 AM - 10:00 PM;5:30 AM - 10:00 PM;5:30 AM - 10:00 PM;5:30 AM - 10:00 PM;5:30 AM - 8:00 PM;8:00 AM - 6:00 PM;8:00 AM - 6:00 PM,Gyms;Swimming Pools;Swimming Lessons/Schools,"10 Whittier Pl, Boston, MA 02114"
Southwest Corridor Park,4 star rating,,Parks,"38 New Heath St, Boston, MA 02130"
Turnstyle - Kendall Square,4 star rating,5:30 AM - 8:30 PM;5:30 AM - 8:30 PM;5:30 AM - 8:30 PM;5:30 AM - 8:30 PM;5:30 AM - 8:30 PM;7:30 AM - 2:00 PM;8:45 AM - 2:00 PM,Cycling Classes;Boot Camps,"14 Hampshire St, Cambridge, MA 02139"
Lynch Family Skatepark,5 star rating,,Skate Parks,"Education St, Cambridge, MA 02141"
Oriental Gateway,4.5 star rating,9:00 AM - 5:00 PM;9:00 AM - 5:00 PM;9:00 AM - 5:00 PM;9:00 AM - 5:00 PM;9:00 AM - 5:00 PM;8:00 AM - 12:00 AM (Next day);Closed,Sporting Goods;Chinese Martial Arts;Screen Printing/T-Shirt Printing,"19 6th Rd, Woburn, MA 01801"
Wilson Mountain Reservation,4 star rating,7:00 AM - 6:00 PM;7:00 AM - 6:00 PM;7:00 AM - 6:00 PM;7:00 AM - 6:00 PM;7:00 AM - 6:00 PM;7:00 AM - 6:00 PM;7:00 AM - 6:00 PM,Parks;Hiking;Fishing,"384 Common St, Dedham, MA 02026"
Arlington Reservoir,4.5 star rating,,Beaches,N/A
Belle Isle Marsh Reservation,4.5 star rating,,Parks,"1284 Bennington St, Boston, MA 02128"
Fort Revere Park,3.5 star rating,,Parks;Landmarks & Historical Buildings,"60 Farina Rd, Magnetic Telegraph Station"
Robbins Farm Park,4.5 star rating,,Parks,"51 Eastern Ave, Arlington, MA 02476"
The Back Bay Fens,4 star rating,,Parks,"Park Dr At Jersey St, Boston, MA 02215"
Diablo Glass School,5 star rating,,Specialty Schools;Summer Camps,"123 Terrace St, Boston, MA 02120"
Falk Rodney MD,N/A,,Trainers,"720 Harrison Ave, Boston, MA 02118"
Naomi Rotstein Personal Training,5 star rating,6:00 AM - 7:30 PM;6:00 AM - 7:30 PM;6:00 AM - 7:30 PM;6:00 AM - 7:30 PM;6:00 AM - 7:30 PM;6:00 AM - 7:30 PM;6:00 AM - 7:30 PM,Trainers,"12 Clarendon St, Boston, MA 02116"
Weston Shooters Club,5 star rating,Open 24 hours;Open 24 hours;Open 24 hours;Open 24 hours;Open 24 hours;Open 24 hours;Open 24 hours,Gun/Rifle Ranges,"8 Sibley Rd, Weston, MA 02493"
Adler Corinne Nutritnst,N/A,,Nutritionists,"278 Clarendon St, Boston, MA 02116"
Beaver Brook Reservation,4 star rating,,Landmarks & Historical Buildings;Parks,"66 Mill St, Belmont, MA 02478"
Fishing Frenzy Charters,5 star rating,4:00 AM - 10:00 PM;4:00 AM - 10:00 PM;4:00 AM - 10:00 PM;4:00 AM - 10:00 PM;4:00 AM - 10:00 PM;4:00 AM - 10:00 PM;4:00 AM - 10:00 PM,Fishing;Boat Charters,"28 Constitution Rd, Boston, MA 02129"
Fishing Finatics,5 star rating,6:00 AM - 8:00 PM;6:00 AM - 8:00 PM;6:00 AM - 8:00 PM;6:00 AM - 8:00 PM;6:00 AM - 8:00 PM;5:00 AM - 8:00 PM;5:00 AM - 8:00 PM,Fishing,"90 Main St, Everett, MA 02149"
Amaze Escape,5 star rating,3:00 PM - 9:00 PM;3:00 AM - 9:00 PM;3:00 PM - 9:00 PM;3:00 PM - 9:00 PM;3:00 PM - 10:00 PM;10:30 AM - 10:00 PM;10:30 AM - 9:00 PM,Escape Games,"7 Central St, Ste 130"
Wave Health & Fitness,3.5 star rating,5:00 AM - 9:00 PM;5:00 AM - 9:00 PM;5:00 AM - 9:00 PM;5:00 AM - 9:00 PM;5:00 AM - 9:00 PM;7:00 AM - 8:00 PM;7:00 AM - 8:00 PM,Gyms,"1 Seaport Ln, One Seaport Lane"
SuperShag Dance Studio,4 star rating,8:00 AM - 11:00 PM;8:00 AM - 11:00 PM;8:00 AM - 11:00 PM;8:00 AM - 11:00 PM;8:00 AM - 11:00 PM;8:00 AM - 11:00 PM;8:00 AM - 11:00 PM,Dance Studios;Pole Dancing Classes,"42 8th St, Ste 100"
Susan Reardon Wellness,5 star rating,6:00 AM - 8:30 PM;6:00 AM - 8:30 PM;6:00 AM - 8:30 PM;6:00 AM - 8:30 PM;6:00 AM - 7:00 PM;Closed;Closed,Trainers;Nutritionists;Yoga,"12 Clarendon St, Boston, MA 02116"
Turnstyle - South End,4.5 star rating,6:00 AM - 7:30 PM;6:00 AM - 7:30 PM;6:00 AM - 7:30 PM;6:00 AM - 7:30 PM;6:00 AM - 7:30 PM;8:00 AM - 12:00 PM;8:00 AM - 12:00 PM,Cycling Classes,"310 Harrison Ave, Boston, MA 02118"
Franklin Park,3.5 star rating,,Parks,"1 Franklin Park Rd, Roxbury, MA 02121"
North End Park,4.5 star rating,,Parks,"Between The North End And The Financial District, Boston, MA 02113"
Highland Park - Fort Hill,4.5 star rating,,Landmarks & Historical Buildings;Parks,"20 Fort Ave, Roxbury, MA 02119"
Neponset Bike Path,4.5 star rating,,Parks,"Central Ave, Milton, MA 02186"
Brewer/Burroughs Tot Lot,4.5 star rating,,Playgrounds,"Brewer St, Jamaica Plain, MA 02130"
Crystal Lake Park and Beach,3.5 star rating,,Beaches;Parks;Lakes,"30 Rogers St, Newton, MA 02135"
Castle Creek Adventure Land,3 star rating,9:00 AM - 10:00 PM;9:00 AM - 10:00 PM;9:00 AM - 10:00 PM;9:00 AM - 10:00 PM;9:00 AM - 10:00 PM;9:00 AM - 10:00 PM;9:00 AM - 10:00 PM,Mini Golf;Go Karts;Ice Cream & Frozen Yogurt,"100-114 Swampscott Rd, Salem, MA 01970"
Classic Sail Boston,5 star rating,9:00 AM - 8:00 PM;9:00 AM - 8:00 PM;9:00 AM - 8:00 PM;9:00 AM - 8:00 PM;9:00 AM - 8:00 PM;9:00 AM - 8:00 PM;9:00 AM - 8:00 PM,Boat Charters;Sailing,N/A
Houghton's Pond Recreation Area,4 star rating,,Parks;Hiking,"840 Hillside St, Milton, MA 02186"
Jim Rice Field,N/A,,,"1931 Washington St, Boston, MA 02118"
Coolidge Park,4.5 star rating,,Parks,"50-54 Kenwood St, Brookline, MA 02446"
The Handle Bar Indoor Cycling Studio,4.5 star rating,,Fitness & Instruction;Cycling Classes,"1030 Massachusetts Ave, Cambridge, MA 02138"
Symphony Community Park,4 star rating,,Parks,"39 Edgerly Rd, Boston, MA 02115"
Outdoor New England - ONE,5 star rating,9:00 AM - 4:00 PM;9:00 AM - 4:00 PM;Closed;9:00 AM - 4:00 PM;9:00 AM - 4:00 PM;9:00 AM - 6:00 PM;10:00 AM - 2:00 PM,Outdoor Gear;Rafting/Kayaking;Paddleboarding,"376 Central St, Franklin, NH 03235"
Massachusetts Rifle Association,3.5 star rating,,Gun/Rifle Ranges,"290R Salem St, Woburn, MA 01801"
Invictus Boston,4.5 star rating,5:00 AM - 8:00 PM;5:00 AM - 8:00 PM;5:00 AM - 8:00 PM;5:00 AM - 8:00 PM;5:00 AM - 7:00 PM;8:30 AM - 12:00 PM;9:00 AM - 10:30 AM,Interval Training Gyms,"100 Brookline Ave, Boston, MA 02215"
Life Time,3 star rating,4:00 AM - 12:00 AM (Next day);4:00 AM - 12:00 AM (Next day);4:00 AM - 12:00 AM (Next day);4:00 AM - 12:00 AM (Next day);4:00 AM - 12:00 AM (Next day);4:00 AM - 12:00 AM (Next day);4:00 AM - 12:00 AM (Next day),Gyms;Swimming Pools;Trainers,"44 Harvard St, Westwood, MA 02090"
Hall Memorial Pool,3.5 star rating,11:00 AM - 6:00 PM;3:00 PM - 6:00 PM;11:00 AM - 6:00 PM;11:00 AM - 6:00 PM;11:00 AM - 6:00 PM;11:00 AM - 6:00 PM;11:00 AM - 6:00 PM,Swimming Pools;Parks,"4 N Border Rd, Stoneham, MA 02180"
Crossfit Coolidge Corner,5 star rating,6:00 AM - 8:00 PM;6:00 AM - 8:00 PM;6:00 AM - 8:00 PM;6:00 AM - 8:00 PM;6:00 AM - 8:00 PM;9:30 AM - 1:30 PM;10:00 AM - 1:00 PM,Interval Training Gyms,"40 Aspinwall Ave, Brookline, MA 02446"
Champions Kickboxing,3.5 star rating,12:00 PM - 8:00 PM;12:00 PM - 8:00 PM;12:00 PM - 8:00 PM;12:00 PM - 8:00 PM;12:00 PM - 8:00 PM;10:00 AM - 1:00 PM;10:00 AM - 1:00 PM,Kickboxing;Gyms;Boxing,"1250 Washington St, Boston, MA 02118"
CrossFit Southie,5 star rating,5:00 AM - 8:00 PM;5:00 AM - 8:00 PM;5:00 AM - 8:00 PM;5:00 AM - 8:00 PM;5:00 AM - 7:00 PM;7:00 AM - 1:00 PM;9:00 AM - 12:00 PM,Interval Training Gyms,"385 Dorchester Ave, Ste 100"
Riverside Boat Club,5 star rating,,Boating,"769 Memorial Dr, Cambridge, MA 02139"
Dizzy Llamas Athletic Club,5 star rating,,Amateur Sports Teams;Sports Clubs,N/A
Mothers Rest Playground,5 star rating,,Playgrounds,"32 Fenway, Boston, MA 02215"
Lifted Fitness & Performance,5 star rating,6:00 AM - 9:00 PM;6:00 AM - 9:00 PM;6:00 AM - 9:00 PM;6:00 AM - 9:00 PM;6:00 AM - 9:00 PM;8:00 AM - 2:00 PM;Closed,Trainers;Gyms,"72 K St, South Boston, MA 02127"
Beacon Hill Yoga,4 star rating,6:00 AM - 9:00 PM;6:00 AM - 9:00 PM;6:00 AM - 9:00 PM;6:00 AM - 9:00 PM;6:00 AM - 9:00 PM;9:00 AM - 6:00 PM;9:00 AM - 7:00 PM,Yoga;Pilates,"57 Phillips St, Boston, MA 02114"
Charles River Canoe & Kayak,4.5 star rating,1:30 PM - 8:00 PM;1:30 PM - 8:00 PM;1:30 PM - 8:00 PM;1:30 PM - 8:00 PM;1:30 PM - 8:00 PM;8:00 AM - 8:00 PM;8:00 AM - 8:00 PM,Rafting/Kayaking;Boating;Paddleboarding,"455 Nahanton St, Newton, MA 02459"
Peaceful Forest Studio,5 star rating,,Traditional Chinese Medicine;Martial Arts,"697 Cambridge St, Ste 206"
Falk Rodney MD,N/A,,Trainers,"720 Harrison Ave, Boston, MA 02118"
Yin Style Baguazhang- Boston,5 star rating,Closed;6:30 PM - 8:30 PM;Closed;Closed;Closed;Closed;Closed,Chinese Martial Arts,"70 Beach St 4th, Boston, MA 02111"
Blue Hills - Skyline Trail,5 star rating,,Hiking;Parks,"690 Willard St, Quincy, MA 02169"
The Handle Bar Indoor Cycling Studio,4.5 star rating,,Fitness & Instruction,"1330 Boylston St, Boston, MA 02215"
Olindy's,3.5 star rating,12:00 PM - 10:00 PM;9:00 AM - 10:00 PM;9:00 AM - 10:00 PM;9:00 AM - 10:00 PM;9:00 AM - 10:00 PM;10:00 AM - 10:00 PM;10:00 AM - 8:00 PM,Bowling;Pool Halls;Venues & Event Spaces,"170 Quincy Ave, Quincy, MA 02169"
Contoocook River Canoe Company,4.5 star rating,Closed;Closed;10:00 AM - 5:00 PM;10:00 AM - 5:00 PM;10:00 AM - 5:00 PM;9:00 AM - 5:00 PM;9:00 AM - 5:00 PM,Rafting/Kayaking;Paddleboarding;Recreation Centers,"9 Horse Hill Rd, Concord, NH 03303"
outFit,5 star rating,,Trainers;Boot Camps,"759 Gallivan Blvd, Dorchester, MA 02124"
Waltham Athletic Club,3 star rating,5:00 AM - 11:00 PM;5:00 AM - 11:00 PM;5:00 AM - 11:00 PM;5:00 AM - 11:00 PM;5:00 AM - 9:00 PM;7:00 AM - 9:00 PM;7:00 AM - 8:00 PM,Gyms;Tennis;Swimming Pools,"249 Lexington St, Waltham, MA 02452"
